-- Active: 1719314127931@@172.16.101.155@3306@mysql2_EjercicioDia4
-- ###################################
-- ##### Mysql2 - Ejercicio Dia4 #####
-- ###################################

show databases;

create database mysql2_EjercicioDia4;

use mysql2_EjercicioDia4;

-- Creacion de tablas

create table sucursal(
    id int AUTO_INCREMENT PRIMARY KEY,
    ciudad VARCHAR(100) NOT NULL,
    direccion VARCHAR(200) NOT NULL,
    telefono_fijo VARCHAR(20),
    celular VARCHAR(20),
    correo_electronico VARCHAR(100)
);


create table empleado(
    id INT AUTO_INCREMENT PRIMARY KEY,
    sucursal_id INT,
    Foreign Key (sucursal_id) REFERENCES sucursal(id),
    cedula VARCHAR(20) UNIQUE NOT NULL,
    nombre1 VARCHAR(100) NOT NULL,
    nombre2 VARCHAR(100),
    apellido1 VARCHAR(100) NOT NULL,
    apellido2 VARCHAR(100),
    direccion VARCHAR(200) NOT NULL,
    ciudad_residencia VARCHAR(100) NOT NULL,
    celular VARCHAR(20),
    correo_electronico VARCHAR(100)
);

create table cliente (
    id INT AUTO_INCREMENT PRIMARY KEY,
    cedula VARCHAR(20) UNIQUE NOT NULL,
    nombre1 VARCHAR(100) NOT NULL,
    nombre2 VARCHAR(100),
    apellido1 VARCHAR(100) NOT NULL,
    apellido2 VARCHAR(100),
    direccion VARCHAR(200) NOT NULL,
    ciudad_residencia VARCHAR(100) NOT NULL,
    celular VARCHAR(20),
    correo_electronico VARCHAR(100)
);

create table vehiculo(
    id INT AUTO_INCREMENT PRIMARY KEY,
    tipo VARCHAR(50) NOT NULL,
    placa VARCHAR(20) UNIQUE NOT NULL,
    referencia VARCHAR(100),
    modelo INT NOT NULL,
    puertas INT NOT NULL,
    capacidad INT NOT NULL,
    sunroof BOOLEAN,
    motor VARCHAR(50),
    color VARCHAR(30)
);

create table alquileres(
    id INT AUTO_INCREMENT PRIMARY KEY,
    vehiculo_id INT NOT NULL, 
    Foreign Key (vehiculo_id) REFERENCES vehiculo(id),
    cliente_id INT NOT NULL, 
    Foreign Key (cliente_id) REFERENCES cliente(id),
    empleado_id INT NOT NULL, 
    Foreign Key (empleado_id) REFERENCES empleado(id),
    sucursal_salida_id INT NOT NULL,
    Foreign Key (sucursal_salida_id) REFERENCES sucursal(id),
    sucursal_llegada_id INT NOT NULL,
    Foreign Key (sucursal_llegada_id) REFERENCES sucursal(id),
    fecha_salida DATE NOT NULL,
    fecha_llegada DATE NOT NULL,
    fecha_esperada_llegada DATE NOT NULL,
    valor_alquiler_semana DECIMAL(10, 2) NOT NULL,
    valor_alquiler_dia DECIMAL(10, 2) NOT NULL,
    porcentaje_descuento DECIMAL(5, 2),
    valor_cotizado DECIMAL(10, 2) NOT NULL,
    valor_pagado DECIMAL(10, 2)
);
drop table sucursal;
show tables;
-- Insersiones de datos

INSERT INTO sucursal (ciudad, direccion, telefono_fijo, celular, correo_electronico) VALUES 
('Bogotá', 'Calle 123 #45-67', '6012345678', '3001234567', 'sucursal1@example.com'),
('Medellín', 'Carrera 50 #32-16', '6048765432', '3012345678', 'sucursal2@example.com'),
('Cali', 'Avenida 5 #34-78', NULL, '3021234567', 'sucursal3@example.com'),
('Bucaramanga', 'Calle 36 #20-30', '6071234567', NULL, 'sucursal7@example.com'),
('Cartagena', 'Bocagrande #22-33', '6054321098', '3041234567', NULL),
('Cali', 'Calle 19 #10-25', NULL, '3051234567', NULL),
('Bucaramanga', 'Carrera 23 #12-45', NULL, NULL, 'sucursal8@example.com'),
('Medellín', 'Avenida Libertador #15-60', '6053210987', '3061234567', NULL),
('Bogotá', 'Calle 14 #3-21', '6081234567', '3071234567', 'sucursal10@example.com'),
('Cali', 'Avenida 4 #13-20', NULL, NULL, NULL),
('Cartagena', 'Calle 21 #5-22', '6087654321', '3081234567', 'sucursal12@example.com'),
('Medellín', 'Carrera 8 #20-30', '6028765432', NULL, 'sucursal13@example.com'),
('Bogotá', 'Calle 18 #3-40', NULL, '3091234567', NULL),
('Bucaramanga', 'Avenida 19 #10-50', '6063210987', NULL, NULL),
('Cartagena', 'Calle 22 #5-23', '6041234567', '3101234567', 'sucursal16@example.com'),
('Cali', 'Carrera 9 #12-33', NULL, '3111234567', NULL),
('Bucaramanga', 'Calle 7 #3-21', '6086543210', NULL, 'sucursal18@example.com'),
('Medellín', 'Avenida 44 #20-10', NULL, '3121234567', 'sucursal19@example.com'),
('Bogotá', 'Calle 20 #5-40', '6084321098', NULL, NULL),
('Cartagena', 'Carrera 12 #10-25', NULL, '3131234567', NULL),
('Cali', 'Calle 17 #3-22', '6083210987', '3141234567', 'sucursal22@example.com'),
('Bucaramanga', 'Carrera 1 #2-15', NULL, '3151234567', NULL),
('Medellín', 'Calle 16 #4-23', '6081230987', NULL, 'sucursal24@example.com'),
('Bogotá', 'Avenida 2 #5-18', NULL, NULL, 'sucursal25@example.com'),
('Cartagena', 'Calle 15 #2-20', '6083214567', NULL, NULL),
('Cali', 'Calle 12 #6-18', NULL, '3171234567', NULL),
('Bucaramanga', 'Carrera 7 #12-25', '6083217654', '3181234567', NULL),
('Medellín', 'Calle 23 #14-29', NULL, '3201234567', 'sucursal35@example.com'),
('Bogotá', 'Carrera 4 #18-19', '6084321097', NULL, 'sucursal36@example.com'),
('Cartagena', 'Calle 20 #9-30', NULL, NULL, NULL),
('Cali', 'Avenida 5 #12-24', '6081232345', '3211234567', NULL),
('Bucaramanga', 'Carrera 10 #6-18', NULL, '3221234567', 'sucursal39@example.com'),
('Medellín', 'Calle 11 #4-30', '6088765432', NULL, NULL),
('Bogotá', 'Avenida 15 #2-10', NULL, NULL, 'sucursal41@example.com'),
('Cartagena', 'Carrera 2 #8-14', '6085432109', '3231234567', NULL),
('Cali', 'Calle 10 #12-23', NULL, NULL, 'sucursal43@example.com'),
('Bucaramanga', 'Avenida 8 #5-21', '6082345678', '3241234567', NULL),
('Medellín', 'Calle 14 #3-19', NULL, '3251234567', 'sucursal45@example.com'),
('Bogotá', 'Carrera 5 #18-20', '6089876543', NULL, NULL),
('Cartagena', 'Calle 22 #4-30', NULL, NULL, 'sucursal47@example.com'),
('Cali', 'Avenida 7 #9-21', '6085432108', '3261234567', NULL),
('Bucaramanga', 'Calle 9 #13-19', NULL, '3271234567', 'sucursal49@example.com'),
('Medellín', 'Carrera 8 #3-25', '6081236543', NULL, NULL),
('Bogotá', 'Calle 11 #6-22', NULL, '3281234567', 'sucursal51@example.com'),
('Cartagena', 'Avenida 13 #7-30', '6088764321', NULL, NULL),
('Cali', 'Calle 16 #3-19', NULL, '3291234567', 'sucursal53@example.com'),
('Bucaramanga', 'Calle 8 #14-28', '6087654321', '3301234567', NULL),
('Medellín', 'Avenida 6 #3-22', NULL, '3311234567', 'sucursal55@example.com'),
('Bogotá', 'Calle 21 #7-14', '6081234321', NULL, NULL),
('Cartagena', 'Carrera 13 #9-25', NULL, NULL, 'sucursal57@example.com'),
('Cali', 'Calle 17 #5-18', '6084321234', '3311234567', NULL),
('Bucaramanga', 'Avenida 9 #4-12', NULL, '3321234567', 'sucursal59@example.com'),
('Medellín', 'Carrera 8 #10-21', '6083215432', NULL, NULL),
('Bogotá', 'Calle 15 #6-22', NULL, NULL, 'sucursal61@example.com'),
('Cartagena', 'Avenida 16 #2-18', '6086543211', '3331234567', NULL),
('Cali', 'Carrera 14 #3-20', NULL, '3341234567', 'sucursal63@example.com'),
('Bucaramanga', 'Calle 13 #5-19', '6087653210', NULL, NULL),
('Medellín', 'Avenida 17 #8-25', NULL, NULL, 'sucursal65@example.com'),
('Bogotá', 'Calle 12 #6-24', '6084321096', '3351234567', NULL),
('Cartagena', 'Calle 18 #4-21', NULL, '3361234567', 'sucursal67@example.com'),
('Cali', 'Avenida 7 #10-30', '6088765431', NULL, NULL),
('Bucaramanga', 'Carrera 4 #3-12', NULL, NULL, 'sucursal69@example.com'),
('Medellín', 'Calle 20 #11-23', '6081239876', '3371234567', NULL),
('Bogotá', 'Avenida 19 #6-20', '6088764329', NULL, NULL),
('Cartagena', 'Carrera 14 #7-25', '6084321095', NULL, 'sucursal71@example.com'),
('Cali', 'Calle 22 #5-30', '6081239875', '3491234567', NULL),
('Bucaramanga', 'Calle 16 #3-19', '6081233210', '3391234567', NULL),
('Medellín', 'Avenida 11 #8-22', NULL, '3401234567', 'sucursal75@example.com'),
('Bogotá', 'Calle 23 #9-14', '6088764320', NULL, NULL),
('Cartagena', 'Carrera 15 #4-25', NULL, NULL, 'sucursal77@example.com'),
('Cali', 'Calle 9 #8-20', '6081234568', '3411234567', NULL),
('Bucaramanga', 'Avenida 18 #7-12', NULL, '3421234567', 'sucursal79@example.com'),
('Medellín', 'Calle 7 #2-16', '6084321094', NULL, NULL),
('Bogotá', 'Carrera 7 #10-18', NULL, NULL, 'sucursal81@example.com'),
('Cartagena', 'Avenida 20 #9-21', '6088765430', '3431234567', NULL),
('Cali', 'Calle 7 #4-24', NULL, '3441234567', 'sucursal83@example.com'),
('Bucaramanga', 'Carrera 9 #3-25', '6081237654', NULL, NULL),
('Medellín', 'Avenida 16 #5-18', NULL, NULL, 'sucursal85@example.com'),
('Bogotá', 'Calle 14 #8-30', '6086543219', '3451234567', NULL),
('Cartagena', 'Carrera 12 #6-24', NULL, '3461234567', 'sucursal87@example.com'),
('Cali', 'Calle 18 #3-19', '6084321093', NULL, NULL),
('Bucaramanga', 'Calle 19 #8-25', NULL, NULL, 'sucursal89@example.com'),
('Medellín', 'Carrera 11 #4-12', '6081236542', '3471234567', NULL),
('Bogotá', 'Avenida 13 #10-20', NULL, '3481234567', 'sucursal91@example.com'),
('Cartagena', 'Calle 6 #3-18', '6088764329', NULL, NULL),
('Cali', 'Carrera 14 #7-25', NULL, NULL, 'sucursal93@example.com'),
('Bucaramanga', 'Calle 22 #5-30', '6081239875', '3491234567', NULL),
('Medellín', 'Avenida 9 #3-21', NULL, '3501234567', 'sucursal95@example.com'),
('Bogotá', 'Calle 21 #8-12', '6084321092', NULL, NULL),
('Cartagena', 'Carrera 18 #9-19', NULL, NULL, 'sucursal97@example.com'),
('Cali', 'Calle 11 #5-24', '6081234566', '3511234567', NULL),
('Bucaramanga', 'Avenida 8 #6-20', NULL, '3521234567', 'sucursal99@example.com'),
('Bogotá', 'Calle 123 #45-67', '6012345678', '3001234567', 'sucursal1@example.com'),
('Medellín', 'Carrera 50 #32-16', '6048765432', '3012345678', 'sucursal2@example.com'),
('Cali', 'Avenida 5 #34-78', NULL, '3021234567', 'sucursal3@example.com'),
('Bucaramanga', 'Calle 36 #20-30', '6071234567', NULL, 'sucursal7@example.com'),
('Cartagena', 'Bocagrande #22-33', '6054321098', '3041234567', NULL),
('Cali', 'Calle 19 #10-25', NULL, '3051234567', NULL),
('Bucaramanga', 'Carrera 23 #12-45', NULL, NULL, 'sucursal8@example.com'),
('Medellín', 'Avenida Libertador #15-60', '6053210987', '3061234567', NULL),
('Bogotá', 'Calle 14 #3-21', '6081234567', '3071234567', 'sucursal10@example.com');


INSERT INTO empleado (sucursal_id, cedula, nombre1, nombre2, apellido1, apellido2, direccion, ciudad_residencia, celular, correo_electronico) VALUES
(1, '7890123456', 'Juan', 'Carlos', 'Pérez', 'López', 'Calle 1 #2-3', 'Bogotá', '3000000001', 'juan.perez@example.com'),
(2, '8901234567', 'María', NULL, 'Gómez', 'Martínez', 'Carrera 4 #5-6', 'Medellín', '3000000002', NULL),
(3, '9012345678', 'Pedro', 'Antonio', 'Rodríguez', NULL, 'Calle 7 #8-9', 'Cali', NULL, 'pedro.rodriguez@example.com'),
(4, '0123456789', 'Ana', 'María', 'López', 'García', 'Carrera 10 #11-12', 'Barranquilla', NULL, NULL),
(5, '1234567890', 'Luis', NULL, 'Hernández', 'Ramírez', 'Calle 13 #14-15', 'Cartagena', '3000000005', 'luis.hernandez@example.com'),
(6, '2345678901', 'Jorge', 'Luis', 'González', NULL, 'Carrera 16 #17-18', 'Santa Marta', NULL, 'jorge.gonzalez@example.com'),
(7, '3456789012', 'Sofía', NULL, 'Ramírez', 'Pérez', 'Calle 19 #20-21', 'Bucaramanga', '3000000007', NULL),
(8, '4567890123', 'Carlos', 'Eduardo', 'Martínez', 'Gómez', 'Carrera 22 #23-24', 'Manizales', NULL, 'carlos.martinez@example.com'),
(9, '5678901234', 'Lucía', 'Fernanda', 'Pérez', NULL, 'Calle 25 #26-27', 'Pereira', '3000000009', 'lucia.perez@example.com'),
(10, '6789012345', 'Miguel', NULL, 'García', 'López', 'Carrera 28 #29-30', 'Cúcuta', '3000000010', NULL),
(11, '7890123457', 'Laura', 'Patricia', 'Sánchez', 'Rodríguez', 'Calle 31 #32-33', 'Ibagué', '3000000011', 'laura.sanchez@example.com'),
(12, '8901234568', 'Felipe', 'Andrés', 'Mendoza', NULL, 'Carrera 34 #35-36', 'Villavicencio', NULL, 'felipe.mendoza@example.com'),
(13, '9012345679', 'Valeria', NULL, 'Moreno', 'Gómez', 'Calle 37 #38-39', 'Armenia', '3000000013', NULL),
(14, '0123456780', 'Andrés', 'Felipe', 'Ortiz', NULL, 'Carrera 40 #41-42', 'Neiva', NULL, 'andres.ortiz@example.com'),
(15, '1234567891', 'Camila', 'Isabel', 'Ríos', 'Ramírez', 'Calle 43 #44-45', 'Popayán', '3000000015', 'camila.rios@example.com'),
(16, '2345678902', 'Javier', NULL, 'Ruiz', 'Martínez', 'Carrera 46 #47-48', 'Pasto', NULL, NULL),
(17, '3456789013', 'Diana', 'Carolina', 'Jiménez', NULL, 'Calle 49 #50-51', 'Tunja', '3000000017', 'diana.jimenez@example.com'),
(18, '4567890124', 'Gabriel', NULL, 'Navarro', 'López', 'Carrera 52 #53-54', 'Montería', '3000000018', NULL),
(19, '5678901235', 'Paula', 'Andrea', 'Vargas', 'García', 'Calle 55 #56-57', 'Sincelejo', NULL, 'paula.vargas@example.com'),
(20, '6789012346', 'Daniel', NULL, 'Muñoz', 'Pérez', 'Carrera 58 #59-60', 'Valledupar', '3000000020', NULL),
(21, '7890123458', 'Natalia', 'Juliana', 'Herrera', NULL, 'Calle 61 #62-63', 'Florencia', '3000000021', 'natalia.herrera@example.com'),
(22, '8901234569', 'Sebastián', NULL, 'Rojas', 'Gómez', 'Carrera 64 #65-66', 'Yopal', '3000000022', NULL),
(23, '9012345670', 'Andrea', 'Mariana', 'Castro', NULL, 'Calle 67 #68-69', 'Quibdó', NULL, 'andrea.castro@example.com'),
(24, '0123456781', 'Oscar', NULL, 'Peña', 'Martínez', 'Carrera 70 #71-72', 'Riohacha', NULL, NULL),
(25, '1234567892', 'Marina', 'Alejandra', 'Guzmán', 'López', 'Calle 73 #74-75', 'San Andrés', '3000000025', 'marina.guzman@example.com'),
(26, '2345678903', 'Tomás', NULL, 'Salazar', 'Pérez', 'Carrera 76 #77-78', 'Leticia', NULL, 'tomas.salazar@example.com'),
(27, '3456789014', 'Elena', 'Patricia', 'León', 'Ramírez', 'Calle 79 #80-81', 'Inírida', '3000000027', NULL),
(28, '4567890125', 'Mauricio', NULL, 'Bermúdez', 'Gómez', 'Carrera 82 #83-84', 'Puerto Carreño', NULL, 'mauricio.bermudez@example.com'),
(29, '5678901236', 'Claudia', 'Isabel', 'Reyes', 'López', 'Calle 85 #86-87', 'Mocoa', '3000000029', NULL),
(30, '6789012347', 'Julio', NULL, 'Acosta', 'Martínez', 'Carrera 88 #89-90', 'San José del Guaviare', NULL, 'julio.acosta@example.com'),
(31, '7890123459', 'Sergio', 'Alfonso', 'Guerrero', 'Gómez', 'Calle 91 #92-93', 'Mitú', '3000000031', NULL),
(32, '8901234570', 'Carolina', NULL, 'Espinosa', 'Pérez', 'Carrera 94 #95-96', 'Puerto Inírida', NULL, 'carolina.espinosa@example.com'),
(33, '9012345671', 'Héctor', 'Luis', 'Maldonado', 'Ramírez', 'Calle 97 #98-99', 'Arauca', '3000000033', NULL),
(34, '0123456782', 'Isabel', NULL, 'Torres', 'López', 'Carrera 100 #101-102', 'Yopal', NULL, 'isabel.torres@example.com'),
(35, '1234567893', 'Alejandro', 'José', 'Morales', 'García', 'Calle 103 #104-105', 'Manizales', '3000000035', NULL),
(36, '2345678904', 'Luisa', NULL, 'Reyes', 'Pérez', 'Carrera 106 #107-108', 'Cartagena', NULL, 'luisa.reyes@example.com'),
(37, '3456789015', 'Andrés', 'Camilo', 'Mendoza', 'Martínez', 'Calle 109 #110-111', 'Nariño', '3000000037', NULL),
(38, '4567890126', 'Catalina', NULL, 'Ortega', 'Sánchez', 'Carrera 112 #113-114', 'Norte de Santander', NULL, 'catalina.ortega@example.com'),
(39, '5678901237', 'Ricardo', 'Javier', 'Pineda', NULL, 'Calle 115 #116-117', 'Putumayo', '3000000039', NULL),
(40, '6789012348', 'Angélica', 'María', 'Peñuela', 'Ramírez', 'Carrera 118 #119-120', 'Quindío', '3000000040', 'angelica.penuela@example.com'),
(41, '7890123460', 'Samuel', NULL, 'Suárez', 'Gómez', 'Calle 121 #122-123', 'Risaralda', '3000000041', NULL),
(42, '8901234571', 'Johana', 'Cristina', 'Bautista', NULL, 'Carrera 124 #125-126', 'Sucre', NULL, 'johana.bautista@example.com'),
(43, '9012345672', 'Diego', NULL, 'Barrios', 'Martínez', 'Calle 127 #128-129', 'Tolima', NULL, 'diego.barrios@example.com'),
(44, '0123456783', 'Mónica', 'Carolina', 'Serrano', 'López', 'Carrera 130 #131-132', 'Valle del Cauca', '3000000044', NULL),
(45, '1234567894', 'Fernando', NULL, 'Restrepo', 'Pérez', 'Calle 133 #134-135', 'Vaupés', '3000000045', 'fernando.restrepo@example.com'),
(46, '2345678905', 'Adriana', 'Patricia', 'Beltrán', 'García', 'Carrera 136 #137-138', 'Vichada', NULL, 'adriana.beltran@example.com'),
(47, '3456789016', 'Ramiro', NULL, 'Quintero', 'Martínez', 'Calle 139 #140-141', 'Amazonas', '3000000047', NULL),
(48, '4567890127', 'Sara', 'Andrea', 'Barrera', NULL, 'Carrera 142 #143-144', 'Antioquia', NULL, 'sara.barrera@example.com'),
(49, '5678901238', 'Cristian', 'David', 'Correa', 'López', 'Calle 145 #146-147', 'Arauca', '3000000049', NULL),
(50, '6789012349', 'Tatiana', NULL, 'Arévalo', 'Pérez', 'Carrera 148 #149-150', 'Atlántico', '3000000050', 'tatiana.arevalo@example.com'),
(51, '7890123461', 'Roberto', 'Carlos', 'Mejía', 'Gómez', 'Calle 151 #152-153', 'Bolívar', '3000000051', NULL),
(52, '8901234572', 'Esteban', NULL, 'Villa', 'Ramírez', 'Carrera 154 #155-156', 'Boyacá', NULL, 'esteban.villa@example.com'),
(53, '9012345673', 'Natalia', 'Alejandra', 'Cárdenas', NULL, 'Calle 157 #158-159', 'Caldas', '3000000053', NULL),
(54, '0123456784', 'Daniel', NULL, 'Cruz', 'Martínez', 'Carrera 160 #161-162', 'Caquetá', '3000000054', 'daniel.cruz@example.com'),
(55, '1234567895', 'Ana', 'Patricia', 'Soto', NULL, 'Calle 163 #164-165', 'Casanare', NULL, 'ana.soto@example.com'),
(56, '2345678906', 'Guillermo', NULL, 'Moreno', 'Gómez', 'Carrera 166 #167-168', 'Cauca', '3000000056', NULL),
(57, '3456789017', 'Beatriz', 'Isabel', 'Rico', NULL, 'Calle 169 #170-171', 'Cesar', NULL, 'beatriz.rico@example.com'),
(58, '4567890128', 'Oscar', NULL, 'Vega', 'Pérez', 'Carrera 172 #173-174', 'Chocó', '3000000058', NULL),
(59, '5678901239', 'Luz', 'Elena', 'Maya', 'López', 'Calle 175 #176-177', 'Córdoba', NULL, 'luz.maya@example.com'),
(60, '6789012350', 'Jorge', NULL, 'Téllez', 'Ramírez', 'Carrera 178 #179-180', 'Cundinamarca', '3000000060', NULL),
(61, '7890123462', 'Sandra', 'Patricia', 'Morales', 'Gómez', 'Calle 181 #182-183', 'Guainía', NULL, 'sandra.morales@example.com'),
(62, '8901234573', 'Rafael', NULL, 'Duarte', 'Martínez', 'Carrera 184 #185-186', 'Guaviare', '3000000062', NULL),
(63, '9012345674', 'Patricia', 'Cristina', 'Sarmiento', 'Pérez', 'Calle 187 #188-189', 'Huila', NULL, 'patricia.sarmiento@example.com'),
(64, '0123456785', 'Enrique', NULL, 'Márquez', 'Gómez', 'Carrera 190 #191-192', 'La Guajira', '3000000064', NULL),
(65, '1234567896', 'Lucía', 'Andrea', 'Rojas', NULL, 'Calle 193 #194-195', 'Magdalena', NULL, 'lucia.rojas@example.com'),
(66, '2345678907', 'Ricardo', NULL, 'Zapata', 'Ramírez', 'Carrera 196 #197-198', 'Meta', '3000000066', NULL),
(67, '3456789018', 'Carolina', 'María', 'Aguilar', NULL, 'Calle 199 #200-201', 'Nariño', NULL, 'carolina.aguilar@example.com'),
(68, '4567890129', 'Rodrigo', NULL, 'Gómez', 'Pérez', 'Carrera 202 #203-204', 'Norte de Santander', '3000000068', NULL),
(69, '5678901240', 'Alejandra', NULL, 'Ruiz', 'Martínez', 'Calle 205 #206-207', 'Putumayo', NULL, 'alejandra.ruiz@example.com'),
(70, '6789012351', 'Armando', NULL, 'Torres', 'López', 'Carrera 208 #209-210', 'Quindío', '3000000070', NULL),
(71, '7890123463', 'Juana', NULL, 'Ortiz', 'Gómez', 'Calle 211 #212-213', 'Risaralda', NULL, 'juana.ortiz@example.com'),
(72, '8901234574', 'Hernando', NULL, 'Blanco', 'Pérez', 'Carrera 214 #215-216', 'San Andrés', '3000000072', NULL),
(73, '9012345675', 'Daniela', 'María', 'López', NULL, 'Calle 217 #218-219', 'Santander', '3000000073', 'daniela.lopez@example.com'),
(74, '0123456786', 'Antonio', 'Luis', 'Hernández', NULL, 'Carrera 220 #221-222', 'Sucre', NULL, 'antonio.hernandez@example.com'),
(75, '1234567897', 'Paola', 'Cristina', 'Pérez', 'Martínez', 'Calle 223 #224-225', 'Tolima', '3000000075', NULL),
(76, '2345678908', 'Estela', NULL, 'Gómez', 'Ramírez', 'Carrera 226 #227-228', 'Valle del Cauca', NULL, 'estela.gomez@example.com'),
(77, '3456789019', 'Gustavo', 'Adolfo', 'López', NULL, 'Calle 229 #230-231', 'Vaupés', '3000000077', NULL),
(78, '4567890130', 'Isabel', NULL, 'Rodríguez', 'López', 'Carrera 232 #233-234', 'Vichada', '3000000078', 'isabel.rodriguez@example.com'),
(79, '5678901241', 'Fabián', NULL, 'García', 'Martínez', 'Calle 235 #236-237', 'Amazonas', NULL, 'fabian.garcia@example.com'),
(80, '6789012352', 'Manuela', 'María', 'Ramírez', NULL, 'Carrera 238 #239-240', 'Antioquia', '3000000080', NULL),
(81, '7890123464', 'Eduardo', NULL, 'Pérez', 'López', 'Calle 241 #242-243', 'Arauca', NULL, 'eduardo.perez@example.com'),
(82, '8901234575', 'Mariana', NULL, 'Gómez', 'Ramírez', 'Carrera 244 #245-245', 'Bucaramanga', NULL, NULL),
(83, '9012345676', 'Gabriel', 'Andrés', 'Martínez', 'Gómez', 'Calle 246 #247-248', 'Atlántico', '3000000082', NULL),
(84, '0123456787', 'Valentina', NULL, 'Hernández', 'Pérez', 'Carrera 249 #250-251', 'Bolívar', '3000000083', 'valentina.hernandez@example.com'),
(85, '1234567898', 'Javier', NULL, 'Vargas', 'Martínez', 'Calle 252 #253-254', 'Boyacá', NULL, NULL),
(86, '2345678909', 'Camilo', 'Andrés', 'Restrepo', 'Gómez', 'Carrera 255 #256-257', 'Caldas', '3000000085', NULL),
(87, '3456789020', 'Sofía', NULL, 'Rojas', 'Pérez', 'Calle 258 #259-260', 'Caquetá', '3000000086', 'sofia.rojas@example.com'),
(88, '4567890131', 'Diego', NULL, 'Sánchez', 'Ramírez', 'Carrera 261 #262-263', 'Casanare', '3000000087', NULL),
(89, '5678901242', 'María', 'Isabel', 'Montoya', 'Martínez', 'Calle 264 #265-266', 'Cauca', NULL, 'maria.montoya@example.com'),
(90, '6789012353', 'Sebastián', NULL, 'Castro', 'Gómez', 'Carrera 267 #268-269', 'Cesar', '3000000089', NULL),
(91, '7890123465', 'Lucas', 'Andrés', 'Moreno', NULL, 'Calle 270 #271-272', 'Chocó', NULL, 'lucas.moreno@example.com'),
(92, '8901234576', 'Valeria', 'Sofía', 'Gómez', 'Pérez', 'Carrera 273 #274-275', 'Cundinamarca', '3000000091', NULL),
(93, '9012345677', 'Juan', NULL, 'López', 'Ramírez', 'Calle 276 #277-278', 'Guainía', NULL, 'juan.lopez@example.com'),
(94, '0123456788', 'Laura', NULL, 'Herrera', 'Gómez', 'Carrera 279 #280-281', 'Guaviare', '3000000093', NULL),
(95, '1234567899', 'Andrés', 'Felipe', 'Jiménez', NULL, 'Calle 282 #283-284', 'Huila', '3000000094', 'andres.jimenez@example.com'),
(96, '2345678910', 'Carolina', 'María', 'Pérez', 'Martínez', 'Carrera 285 #286-287', 'La Guajira', NULL, NULL),
(97, '3456789021', 'Fernando', 'José', 'Gómez', 'Pérez', 'Calle 288 #289-290', 'Magdalena', '3000000097', 'fernando.gomez@example.com'),
(98, '4567890132', 'Alejandra', 'Carolina', 'Ramírez', 'López', 'Carrera 291 #292-293', 'Meta', '3000000098', NULL),
(99, '5678901243', 'Martín', NULL, 'Ortega', 'Ramírez', 'Calle 294 #295-296', 'Nariño', NULL, 'martin.ortega@example.com'),
(100, '6789012354', 'Daniela', NULL, 'García', 'Martínez', 'Carrera 297 #298-299', 'Norte de Santander', '3000000100', NULL);

INSERT INTO cliente (cedula, nombre1, nombre2, apellido1, apellido2, direccion, ciudad_residencia, celular, correo_electronico) VALUES
('1234567890', 'María', NULL, 'Gómez', 'Martínez', 'Carrera 1 #2-3', 'Bogotá', '3001000001', 'maria.gomez@example.com'),
('2345678901', 'Pedro', 'Antonio', 'Rodríguez', NULL, 'Calle 4 #5-6', 'Medellín', NULL, NULL),
('3456789012', 'Ana', NULL, 'López', 'García', 'Carrera 7 #8-9', 'Cali', '3001000003', NULL),
('4567890123', 'Luis', 'Alberto', 'Hernández', NULL, 'Calle 10 #11-12', 'Barranquilla', '3001000004', 'luis.hernandez@example.com'),
('5678901234', 'Jorge', NULL, 'González', 'Ramírez', 'Carrera 13 #14-15', 'Cartagena', NULL, NULL),
('6789012345', 'Sofía', 'Alejandra', 'Ramírez', 'Pérez', 'Calle 16 #17-18', 'Santa Marta', NULL, 'sofia.ramirez@example.com'),
('7890123456', 'Carlos', 'Eduardo', 'Martínez', NULL, 'Carrera 19 #20-21', 'Bucaramanga', '3001000007', NULL),
('8901234567', 'Lucía', 'Fernanda', 'Pérez', 'Gómez', 'Calle 22 #23-24', 'Manizales', NULL, 'lucia.perez@example.com'),
('9012345678', 'Miguel', NULL, 'García', 'López', 'Carrera 25 #26-27', 'Pereira', NULL, NULL),
('0123456789', 'Laura', 'Patricia', 'Sánchez', NULL, 'Calle 28 #29-30', 'Cúcuta', '3001000010', 'laura.sanchez@example.com'),
('1234567891', 'Felipe', 'Andrés', 'Mendoza', 'Ramírez', 'Carrera 31 #32-33', 'Ibagué', '3001000011', NULL),
('2345678902', 'Valeria', 'Cristina', 'Moreno', 'Gómez', 'Calle 34 #35-36', 'Villavicencio', NULL, 'valeria.moreno@example.com'),
('3456789013', 'Andrés', 'Felipe', 'Ortiz', NULL, 'Carrera 37 #38-39', 'Armenia', '3001000013', NULL),
('4567890124', 'Camila', 'Isabel', 'Ríos', 'Ramírez', 'Calle 40 #41-42', 'Neiva', NULL, 'camila.rios@example.com'),
('5678901235', 'Javier', NULL, 'Ruiz', 'Martínez', 'Carrera 43 #44-45', 'Pasto', '3001000015', NULL),
('6789012346', 'Diana', 'Carolina', 'Jiménez', NULL, 'Calle 46 #47-48', 'Tunja', NULL, 'diana.jimenez@example.com'),
('7890123457', 'Gabriel', NULL, 'Navarro', 'López', 'Carrera 49 #50-51', 'Montería', '3001000017', NULL),
('8901234568', 'Paula', 'Andrea', 'Vargas', 'García', 'Calle 52 #53-54', 'Sincelejo', NULL, 'paula.vargas@example.com'),
('9012345679', 'Daniel', NULL, 'Muñoz', 'Pérez', 'Carrera 55 #56-57', 'Valledupar', '3001000019', NULL),
('0123456780', 'Natalia', 'Juliana', 'Herrera', NULL, 'Calle 58 #59-60', 'Florencia', '3001000020', 'natalia.herrera@example.com'),
('1234567892', 'Sebastián', 'Andrés', 'Rojas', 'Gómez', 'Carrera 61 #62-63', 'Yopal', '3001000021', NULL),
('2345678903', 'Andrea', 'Mariana', 'Castro', NULL, 'Calle 64 #65-66', 'Quibdó', '3001000022', 'andrea.castro@example.com'),
('3456789014', 'Oscar', NULL, 'Peña', 'Martínez', 'Carrera 67 #68-69', 'Riohacha', NULL, NULL),
('4567890125', 'Marina', 'Alejandra', 'Guzmán', 'López', 'Calle 70 #71-72', 'San Andrés', '3001000024', 'marina.guzman@example.com'),
('5678901236', 'Tomás', NULL, 'Salazar', 'Pérez', 'Carrera 73 #74-75', 'Leticia', NULL, 'tomas.salazar@example.com'),
('6789012347', 'Elena', 'Patricia', 'León', 'Ramírez', 'Calle 76 #77-78', 'Inírida', '3001000026', NULL),
('7890123458', 'Mauricio', NULL, 'Bermúdez', 'Gómez', 'Carrera 79 #80-81', 'Puerto Carreño', '3001000027', 'mauricio.bermudez@example.com'),
('8901234569', 'Claudia', 'Isabel', 'Reyes', 'López', 'Calle 82 #83-84', 'Mocoa', '3001000028', NULL),
('9012345670', 'Julio', NULL, 'Acosta', 'Martínez', 'Carrera 85 #86-87', 'San José del Guaviare', '3001000029', 'julio.acosta@example.com'),
('0123456781', 'Sergio', 'Alfonso', 'Guerrero', 'Gómez', 'Calle 88 #89-90', 'Mitú', '3001000030', NULL),
('1234567893', 'Carolina', NULL, 'Espinosa', 'Pérez', 'Carrera 91 #92-93', 'Puerto Inírida', '3001000031', 'carolina.espinosa@example.com'),
('2345678904', 'Héctor', 'Luis', 'Maldonado', 'Ramírez', 'Calle 94 #95-96', 'Arauca', NULL, NULL),
('3456789015', 'Isabel', NULL, 'Torres', 'López', 'Carrera 97 #98-99', 'Yopal', '3001000033', 'isabel.torres@example.com'),
('4567890126', 'Alejandro', 'José', 'Morales', 'García', 'Calle 100 #101-102', 'Manizales', NULL, NULL),
('5678901237', 'Luisa', NULL, 'Reyes', 'Pérez', 'Carrera 103 #104-105', 'Cartagena', '3001000035', 'luisa.reyes@example.com'),
('6789012348', 'Andrés', 'Camilo', 'Mendoza', 'Martínez', 'Calle 106 #107-108', 'Nariño', NULL, NULL),
('7890123459', 'Catalina', NULL, 'Ortega', 'Sánchez', 'Carrera 109 #110-111', 'Norte de Santander', '3001000037', 'catalina.ortega@example.com'),
('8901234570', 'Ricardo', 'Javier', 'Pineda', NULL, 'Calle 112 #113-114', 'Putumayo', NULL, NULL),
('9012345671', 'Angélica', 'María', 'Peñuela', 'Ramírez', 'Carrera 115 #116-117', 'Quindío', '3001000039', 'angelica.penuela@example.com'),
('0123456782', 'Samuel', NULL, 'Suárez', 'Gómez', 'Calle 118 #119-120', 'Risaralda', NULL, NULL),
('1234567894', 'Johana', 'Cristina', 'Bautista', NULL, 'Carrera 121 #122-123', 'Sucre', '3001000041', 'johana.bautista@example.com'),
('2345678905', 'Diego', NULL, 'Barrios', 'Martínez', 'Calle 124 #125-126', 'Tolima', NULL, 'diego.barrios@example.com'),
('3456789016', 'Mónica', 'Carolina', 'Serrano', 'López', 'Carrera 127 #128-129', 'Valle del Cauca', '3001000044', NULL),
('4567890127', 'Fernando', NULL, 'Restrepo', 'Pérez', 'Calle 130 #131-132', 'Vaupés', '3001000045', 'fernando.restrepo@example.com'),
('5678901238', 'Adriana', 'Patricia', 'Beltrán', 'García', 'Carrera 133 #134-135', 'Vichada', NULL, 'adriana.beltran@example.com'),
('6789012349', 'Ramiro', NULL, 'Quintero', 'Martínez', 'Calle 136 #137-138', 'Amazonas', '3001000047', NULL),
('7890123460', 'Sara', 'Andrea', 'Barrera', NULL, 'Carrera 139 #140-141', 'Antioquia', NULL, 'sara.barrera@example.com'),
('8901234571', 'Cristian', 'David', 'Correa', 'López', 'Calle 142 #143-144', 'Arauca', '3001000049', NULL),
('9012345672', 'Tatiana', NULL, 'Arévalo', 'Pérez', 'Carrera 145 #146-147', 'Atlántico', '3001000050', 'tatiana.arevalo@example.com'),
('0123456783', 'Roberto', 'Carlos', 'Mejía', 'Gómez', 'Calle 148 #149-150', 'Bolívar', '3001000051', NULL),
('1234567895', 'Esteban', NULL, 'Villa', 'Ramírez', 'Carrera 151 #152-153', 'Boyacá', NULL, 'esteban.villa@example.com'),
('2345678906', 'Natalia', 'Alejandra', 'Cárdenas', NULL, 'Calle 154 #155-156', 'Caldas', '3001000053', NULL),
('3456789017', 'Daniel', NULL, 'Cruz', 'Martínez', 'Carrera 157 #158-159', 'Caquetá', '3001000054', 'daniel.cruz@example.com'),
('4567890128', 'Ana', 'Patricia', 'Soto', NULL, 'Calle 160 #161-162', 'Casanare', NULL, 'ana.soto@example.com'),
('5678901239', 'Guillermo', NULL, 'Moreno', 'Gómez', 'Carrera 163 #164-165', 'Cauca', '3001000056', NULL),
('6789012350', 'Beatriz', 'Isabel', 'Rico', NULL, 'Calle 166 #167-168', 'Cesar', NULL, 'beatriz.rico@example.com'),
('7890123461', 'Oscar', NULL, 'Vega', 'Pérez', 'Carrera 169 #170-171', 'Chocó', '3001000058', NULL),
('8901234572', 'Luz', 'Elena', 'Maya', 'López', 'Calle 172 #173-174', 'Córdoba', NULL, 'luz.maya@example.com'),
('9012345673', 'Jorge', NULL, 'Téllez', 'Ramírez', 'Carrera 175 #176-177', 'Cundinamarca', '3001000060', NULL),
('0123456784', 'Sandra', 'Patricia', 'Morales', 'Gómez', 'Calle 178 #179-180', 'Guainía', NULL, 'sandra.morales@example.com'),
('1234567896', 'Rafael', NULL, 'Duarte', 'Martínez', 'Carrera 181 #182-183', 'Guaviare', '3001000062', NULL),
('2345678907', 'Patricia', 'Cristina', 'Sarmiento', 'Pérez', 'Calle 184 #185-186', 'Huila', NULL, 'patricia.sarmiento@example.com'),
('3456789018', 'Enrique', NULL, 'Márquez', 'Gómez', 'Carrera 187 #188-189', 'La Guajira', '3001000064', NULL),
('4567890129', 'Lucía', 'Andrea', 'Rojas', NULL, 'Calle 190 #191-192', 'Magdalena', NULL, 'lucia.rojas@example.com'),
('5678901240', 'Ricardo', NULL, 'Zapata', 'Ramírez', 'Carrera 193 #194-195', 'Meta', '3001000066', NULL),
('6789012351', 'Carolina', 'María', 'Aguilar', NULL, 'Calle 196 #197-198', 'Nariño', NULL, 'carolina.aguilar@example.com'),
('7890123462', 'Rodrigo', NULL, 'Gómez', 'Pérez', 'Carrera 199 #200-201', 'Norte de Santander', '3001000068', NULL),
('8901234573', 'Alejandra', NULL, 'Ruiz', 'Martínez', 'Calle 202 #203-204', 'Putumayo', NULL, 'alejandra.ruiz@example.com'),
('9012345674', 'Armando', NULL, 'Torres', 'López', 'Carrera 205 #206-207', 'Quindío', '3001000070', NULL),
('0123456785', 'Juana', NULL, 'Ortiz', 'Gómez', 'Calle 208 #209-210', 'Risaralda', NULL, 'juana.ortiz@example.com'),
('1234567897', 'Hernando', NULL, 'Blanco', 'Pérez', 'Carrera 211 #212-213', 'San Andrés', '3001000072', NULL),
('2345678908', 'Daniela', 'María', 'López', NULL, 'Calle 214 #215-216', 'Santander', '3001000073', 'daniela.lopez@example.com'),
('3456789019', 'Antonio', 'Luis', 'Hernández', NULL, 'Carrera 217 #218-219', 'Sucre', NULL, 'antonio.hernandez@example.com'),
('4567890130', 'Paola', 'Cristina', 'Pérez', 'Martínez', 'Calle 220 #221-222', 'Tolima', '3001000075', NULL),
('5678901241', 'Estela', NULL, 'Gómez', 'Ramírez', 'Carrera 223 #224-225', 'Valle del Cauca', NULL, 'estela.gomez@example.com'),
('6789012352', 'Gustavo', 'Adolfo', 'López', NULL, 'Calle 226 #227-228', 'Vaupés', '3001000077', NULL),
('7890123463', 'Isabel', NULL, 'Rodríguez', 'López', 'Carrera 229 #230-231', 'Vichada', '3001000078', 'isabel.rodriguez@example.com'),
('8901234574', 'Fabián', NULL, 'García', 'Martínez', 'Calle 232 #233-234', 'Amazonas', NULL, 'fabian.garcia@example.com'),
('9012345675', 'Manuela', 'María', 'Ramírez', NULL, 'Carrera 235 #236-237', 'Antioquia', '3001000080', NULL),
('0123456786', 'Eduardo', NULL, 'Pérez', 'López', 'Calle 238 #239-240', 'Arauca', NULL, 'eduardo.perez@example.com'),
('1234567898', 'Mariana', NULL, 'Gómez', 'Ramírez', 'Carrera 241 #242-243', 'Atlántico', '3001000082', NULL),
('2345678909', 'Juana', NULL, 'Gómez', 'Pérez', 'Calle 244 #245-246', 'Bolívar', '3001000083', 'juana.gomez@example.com'),
('3456789020', 'Hernando', NULL, 'López', 'García', 'Carrera 247 #248-249', 'Boyacá', '3001000084', NULL),
('4567890131', 'Daniela', 'María', 'Martínez', 'Pérez', 'Calle 250 #251-252', 'Caldas', NULL, 'daniela.martinez@example.com'),
('5678901242', 'Antonio', NULL, 'Gómez', 'García', 'Carrera 253 #254-255', 'Caquetá', '3001000086', NULL),
('6789012353', 'Sofía', 'Andrea', 'Ramírez', 'Martínez', 'Calle 256 #257-258', 'Casanare', '3001000087', 'sofia.ramirez@example.com'),
('7890123464', 'Jorge', NULL, 'Pérez', 'López', 'Carrera 259 #260-261', 'Cauca', '3001000088', NULL),
('8901234575', 'Valentina', 'María', 'Gómez', NULL, 'Calle 262 #263-264', 'Cesar', NULL, 'valentina.gomez@example.com'),
('9012345676', 'Martín', NULL, 'Ramírez', 'Pérez', 'Carrera 265 #266-267', 'Chocó', '3001000090', 'martin.ramirez@example.com'),
('0123456787', 'Camila', 'Andrea', 'López', 'Martínez', 'Calle 268 #269-270', 'Córdoba', NULL, NULL),
('1234567899', 'Felipe', NULL, 'Gómez', 'García', 'Carrera 271 #272-273', 'Cundinamarca', '3001000092', NULL),
('2345678910', 'Lucía', NULL, 'Ramírez', 'Pérez', 'Calle 274 #275-276', 'Guainía', '3001000093', 'lucia.ramirez@example.com'),
('3456789021', 'Andrés', 'Felipe', 'Martínez', 'López', 'Carrera 277 #278-279', 'Guaviare', NULL, 'andres.martinez@example.com'),
('4567890132', 'Valeria', 'Isabel', 'Pérez', NULL, 'Calle 280 #281-282', 'Huila', '3001000095', 'valeria.perez@example.com'),
('5678901243', 'Javier', 'Andrés', 'Gómez', 'Martínez', 'Carrera 283 #284-285', 'La Guajira', '3001000096', NULL),
('6789012354', 'Carolina', 'María', 'López', 'García', 'Calle 286 #287-288', 'Magdalena', '3001000097', 'carolina.lopez@example.com'),
('7890123465', 'Martín', 'Andrés', 'Ortega', NULL, 'Carrera 289 #290-291', 'Meta', '3001000098', NULL),
('8901234576', 'Daniela', NULL, 'García', 'Martínez', 'Calle 292 #293-294', 'Nariño', NULL, 'daniela.garcia@example.com');

INSERT INTO vehiculo (tipo, placa, referencia, modelo, puertas, capacidad, sunroof, motor, color) VALUES
('Automóvil', 'ABC-001', 'Toyota Corolla', 2023, 4, 5, true, 'Gasolina', 'Azul'),
('Automóvil', 'DEF-002', 'Honda Civic', 2022, 4, 5, false, 'Gasolina', 'Gris'),
('Automóvil', 'GHI-003', 'Chevrolet Spark', 2021, 4, 4, false, 'Gasolina', 'Rojo'),
('Automóvil', 'JKL-004', 'Ford Fiesta', 2023, 4, 5, false, 'Gasolina', 'Blanco'),
('Automóvil', 'MNO-005', 'Hyundai i10', 2022, 4, 4, false, 'Gasolina', 'Plata'),
('Automóvil', 'PQR-006', 'Kia Rio', 2022, 4, 5, false, 'Gasolina', 'Negro'),
('Automóvil', 'STU-007', 'Mazda 2', 2023, 4, 5, true, 'Gasolina', 'Blanco'),
('Automóvil', 'VWX-008', 'Renault Sandero', 2021, 4, 5, false, 'Gasolina', 'Azul'),
('Automóvil', 'YZA-009', 'Nissan Versa', 2023, 4, 5, false, 'Gasolina', 'Gris'),
('Automóvil', 'BCD-010', 'Chevrolet Onix', 2022, 4, 5, false, 'Gasolina', 'Rojo'),
('Automóvil', 'EFG-011', 'Toyota Yaris', 2021, 4, 5, true, 'Gasolina', 'Blanco'),
('Automóvil', 'HIJ-012', 'Honda Fit', 2023, 4, 5, false, 'Gasolina', 'Plata'),
('Automóvil', 'KLM-013', 'Ford EcoSport', 2022, 4, 5, false, 'Gasolina', 'Negro'),
('Automóvil', 'NOP-014', 'Hyundai Accent', 2021, 4, 5, true, 'Gasolina', 'Blanco'),
('Automóvil', 'QRS-015', 'Kia Picanto', 2023, 4, 4, false, 'Gasolina', 'Azul'),
('Automóvil', 'TUV-016', 'Mazda 3', 2022, 4, 5, true, 'Gasolina', 'Gris'),
('Automóvil', 'WXY-017', 'Renault Logan', 2021, 4, 5, false, 'Gasolina', 'Rojo'),
('Automóvil', 'ZAB-018', 'Nissan Sentra', 2023, 4, 5, false, 'Gasolina', 'Blanco'),
('Automóvil', 'CDE-019', 'Chevrolet Aveo', 2022, 4, 5, false, 'Gasolina', 'Plata'),
('Automóvil', 'FGH-020', 'Toyota Camry', 2021, 4, 5, true, 'Gasolina', 'Negro'),
('Automóvil', 'IJK-021', 'Honda City', 2023, 4, 5, false, 'Gasolina', 'Blanco'),
('Automóvil', 'LMN-022', 'Ford Mustang', 2022, 2, 2, true, 'Gasolina', 'Rojo'),
('Automóvil', 'OPQ-023', 'Hyundai Tucson', 2021, 4, 5, false, 'Gasolina', 'Azul'),
('Automóvil', 'RST-024', 'Kia Sportage', 2023, 4, 5, false, 'Gasolina', 'Gris'),
('Automóvil', 'UVW-025', 'Mazda CX-5', 2022, 4, 5, true, 'Gasolina', 'Blanco'),
('Automóvil', 'XYZ-026', 'Renault Duster', 2021, 4, 5, false, 'Gasolina', 'Plata'),
('Automóvil', 'ABC-027', 'Nissan Kicks', 2023, 4, 5, false, 'Gasolina', 'Negro'),
('Automóvil', 'DEF-028', 'Chevrolet Captiva', 2022, 4, 5, true, 'Gasolina', 'Blanco'),
('Automóvil', 'GHI-029', 'Toyota Hilux', 2021, 4, 5, false, 'Diesel', 'Azul'),
('Automóvil', 'JKL-030', 'Honda CR-V', 2023, 4, 5, true, 'Gasolina', 'Gris'),
('Automóvil', 'MNO-031', 'Ford Ranger', 2022, 4, 5, false, 'Diesel', 'Rojo'),
('Automóvil', 'PQR-032', 'Hyundai Santa Fe', 2021, 4, 5, false, 'Gasolina', 'Blanco'),
('Automóvil', 'STU-033', 'Kia Seltos', 2023, 4, 5, false, 'Gasolina', 'Plata'),
('Automóvil', 'VWX-034', 'Mazda CX-30', 2022, 4, 5, true, 'Gasolina', 'Negro'),
('Automóvil', 'YZA-035', 'Renault Kwid', 2021, 4, 4, false, 'Gasolina', 'Blanco'),
('Automóvil', 'BCD-036', 'Nissan Frontier', 2023, 4, 5, false, 'Diesel', 'Azul'),
('Automóvil', 'EFG-037', 'Chevrolet Trailblazer', 2022, 4, 5, true, 'Gasolina', 'Gris'),
('Automóvil', 'HIJ-038', 'Toyota RAV4', 2021, 4, 5, false, 'Gasolina', 'Blanco'),
('Automóvil', 'KLM-039', 'Honda Accord', 2023, 4, 5, false, 'Gasolina', 'Plata'),
('Automóvil', 'NOP-040', 'Ford Explorer', 2022, 4, 5, true, 'Gasolina', 'Negro'),
('Automóvil', 'QRS-041', 'Hyundai Elantra', 2021, 4, 5, false, 'Gasolina', 'Blanco'),
('Automóvil', 'TUV-042', 'Kia Cerato', 2023, 4, 5, false, 'Gasolina', 'Azul'),
('Automóvil', 'WXY-043', 'Mazda 6', 2022, 4, 5, true, 'Gasolina', 'Gris'),
('Automóvil', 'ZAB-044', 'Renault Megane', 2021, 4, 5, false, 'Gasolina', 'Rojo'),
('Automóvil', 'CDE-045', 'Nissan Pathfinder', 2023, 4, 5, false, 'Gasolina', 'Blanco'),
('Automóvil', 'FGH-046', 'Chevrolet Corvette', 2022, 2, 2, true, 'Gasolina', 'Plata'),
('Automóvil', 'IJK-047', 'Toyota Prius', 2021, 4, 5, false, 'Híbrido', 'Negro'),
('Automóvil', 'LMN-048', 'Honda Jazz', 2023, 4, 5, false, 'Gasolina', 'Blanco'),
('Automóvil', 'OPQ-049', 'Ford Bronco', 2022, 4, 5, true, 'Gasolina', 'Azul'),
('Automóvil', 'RST-050', 'Hyundai Palisade', 2021, 4, 5, false, 'Gasolina', 'Gris'),
('Automóvil', 'UVW-051', 'Kia Soul', 2023, 4, 5, false, 'Gasolina', 'Blanco'),
('Automóvil', 'XYZ-052', 'Mazda CX-9', 2022, 4, 5, true, 'Gasolina', 'Plata'),
('Automóvil', 'ABC-053', 'Renault Captur', 2021, 4, 5, false, 'Gasolina', 'Negro'),
('Automóvil', 'DEF-054', 'Nissan X-Trail', 2023, 4, 5, false, 'Gasolina', 'Blanco'),
('Automóvil', 'GHI-055', 'Chevrolet Equinox', 2022, 4, 5, true, 'Gasolina', 'Azul'),
('Automóvil', 'JKL-056', 'Toyota Land Cruiser', 2021, 4, 5, false, 'Gasolina', 'Gris'),
('Automóvil', 'MNO-057', 'Honda HR-V', 2023, 4, 5, false, 'Gasolina', 'Blanco'),
('Automóvil', 'PQR-058', 'Ford Edge', 2022, 4, 5, true, 'Gasolina', 'Plata'),
('Automóvil', 'STU-059', 'Hyundai Kona', 2021, 4, 5, false, 'Gasolina', 'Negro'),
('Automóvil', 'VWX-060', 'Kia Telluride', 2023, 4, 5, false, 'Gasolina', 'Blanco'),
('Automóvil', 'YZA-061', 'Mazda MX-5', 2022, 2, 2, true, 'Gasolina', 'Azul'),
('Automóvil', 'BCD-062', 'Renault Zoe', 2021, 4, 4, false, 'Eléctrico', 'Gris'),
('Automóvil', 'EFG-063', 'Nissan Juke', 2023, 4, 5, false, 'Gasolina', 'Blanco'),
('Automóvil', 'HIJ-064', 'Chevrolet Malibu', 2022, 4, 5, true, 'Gasolina', 'Plata'),
('Automóvil', 'KLM-065', 'Toyota Sienna', 2021, 4, 5, false, 'Gasolina', 'Negro'),
('Automóvil', 'NOP-066', 'Honda Odyssey', 2023, 4, 5, false, 'Gasolina', 'Blanco'),
('Automóvil', 'QRS-067', 'Ford Fusion', 2022, 4, 5, true, 'Gasolina', 'Azul'),
('Automóvil', 'TUV-068', 'Hyundai Veloster', 2021, 4, 5, false, 'Gasolina', 'Gris'),
('Automóvil', 'WXY-069', 'Kia Stinger', 2023, 4, 5, false, 'Gasolina', 'Blanco'),
('Automóvil', 'ZAB-070', 'Mazda CX-3', 2022, 4, 5, true, 'Gasolina', 'Plata'),
('Automóvil', 'CDE-071', 'Renault Twingo', 2021, 4, 4, false, 'Gasolina', 'Negro'),
('Automóvil', 'FGH-072', 'Nissan Micra', 2023, 4, 4, false, 'Gasolina', 'Blanco'),
('Automóvil', 'IJK-073', 'Chevrolet Aveo', 2022, 4, 5, true, 'Gasolina', 'Azul'),
('Automóvil', 'LMN-074', 'Toyota Highlander', 2021, 4, 5, false, 'Gasolina', 'Gris'),
('Automóvil', 'OPQ-075', 'Honda Pilot', 2023, 4, 5, false, 'Gasolina', 'Blanco'),
('Automóvil', 'RST-076', 'Ford Transit', 2022, 4, 5, true, 'Gasolina', 'Plata'),
('Automóvil', 'UVW-077', 'Hyundai Ioniq', 2021, 4, 5, false, 'Híbrido', 'Negro'),
('Automóvil', 'XYZ-078', 'Kia Optima', 2023, 4, 5, false, 'Gasolina', 'Blanco'),
('Automóvil', 'ABC-079', 'Mazda CX-7', 2022, 4, 5, true, 'Gasolina', 'Azul'),
('Automóvil', 'DEF-080', 'Renault Kadjar', 2021, 4, 5, false, 'Gasolina', 'Gris'),
('Automóvil', 'GHI-081', 'Nissan Leaf', 2023, 4, 4, false, 'Eléctrico', 'Blanco'),
('Automóvil', 'JKL-082', 'Chevrolet Volt', 2022, 4, 4, true, 'Eléctrico', 'Plata'),
('Automóvil', 'MNO-083', 'Toyota Prius Prime', 2021, 4, 4, false, 'Híbrido', 'Negro'),
('Automóvil', 'PQR-084', 'Honda Insight', 2023, 4, 5, false, 'Híbrido', 'Blanco'),
('Automóvil', 'STU-085', 'Ford Fiesta ST', 2022, 4, 5, true, 'Gasolina', 'Azul'),
('Automóvil', 'VWX-086', 'Hyundai Sonata', 2021, 4, 5, false, 'Gasolina', 'Gris'),
('Automóvil', 'YZA-087', 'Kia Forte', 2023, 4, 5, false, 'Gasolina', 'Blanco'),
('Automóvil', 'BCD-088', 'Mazda CX-4', 2022, 4, 5, true, 'Gasolina', 'Plata'),
('Automóvil', 'EFG-089', 'Renault Clio', 2021, 4, 4, false, 'Gasolina', 'Negro'),
('Automóvil', 'HIJ-090', 'Nissan Qashqai', 2023, 4, 5, false, 'Gasolina', 'Blanco'),
('Automóvil', 'KLM-091', 'Chevrolet Trax', 2022, 4, 5, true, 'Gasolina', 'Azul'),
('Automóvil', 'NOP-092', 'Toyota Sequoia', 2021, 4, 5, false, 'Gasolina', 'Gris'),
('Automóvil', 'QRS-093', 'Honda CR-Z', 2023, 2, 2, false, 'Híbrido', 'Blanco'),
('Automóvil', 'TUV-094', 'Ford Fiesta RS', 2022, 4, 5, true, 'Gasolina', 'Plata'),
('Automóvil', 'WXY-095', 'Hyundai Genesis', 2021, 4, 5, false, 'Gasolina', 'Negro'),
('Automóvil', 'ZAB-096', 'Kia Carnival', 2023, 4, 5, false, 'Gasolina', 'Blanco'),
('Automóvil', 'CDE-097', 'Mazda CX-6', 2022, 4, 5, true, 'Gasolina', 'Azul'),
('Automóvil', 'FGH-098', 'Renault Megane RS', 2021, 4, 5, false, 'Gasolina', 'Gris'),
('Automóvil', 'IJK-099', 'Nissan GT-R', 2023, 2, 2, true, 'Gasolina', 'Blanco'),
('Automóvil', 'LMN-100', 'Chevrolet Camaro', 2022, 2, 2, true, 'Gasolina', 'Plata');

INSERT INTO alquileres (vehiculo_id, cliente_id, empleado_id, sucursal_salida_id, sucursal_llegada_id, fecha_salida, fecha_llegada, fecha_esperada_llegada, valor_alquiler_semana, valor_alquiler_dia, porcentaje_descuento, valor_cotizado, valor_pagado)
VALUES
(1, 1, 1, 1, 2, '2024-06-01', '2024-06-04', '2024-06-05', 300.00, 60.00, NULL, 300.00, 300.00),
(2, 2, 2, 2, 3, '2024-06-02', '2024-06-05', '2024-06-06', 320.00, 64.00, 5.00, 320.00, 304.00),
(3, 3, 3, 3, 4, '2024-06-03', '2024-06-06', '2024-06-07', 350.00, 70.00, NULL, 350.00, 350.00),
(4, 4, 4, 4, 5, '2024-06-04', '2024-06-07', '2024-06-08', 380.00, 76.00, 8.00, 380.00, 349.60),
(5, 5, 5, 5, 6, '2024-06-05', '2024-06-08', '2024-06-09', 400.00, 80.00, NULL, 400.00, 400.00),
(6, 6, 6, 6, 7, '2024-06-06', '2024-06-09', '2024-06-10', 300.00, 60.00, 10.00, 300.00, 270.00),
(7, 7, 7, 7, 8, '2024-06-07', '2024-06-10', '2024-06-11', 320.00, 64.00, NULL, 320.00, 320.00),
(8, 8, 8, 8, 9, '2024-06-08', '2024-06-11', '2024-06-12', 350.00, 70.00, 15.00, 350.00, 297.50),
(9, 9, 9, 9, 10, '2024-06-09', '2024-06-12', '2024-06-13', 380.00, 76.00, NULL, 380.00, 380.00),
(10, 10, 10, 10, 11, '2024-06-10', '2024-06-13', '2024-06-14', 400.00, 80.00, 5.00, 400.00, 380.00),
(11, 11, 11, 11, 12, '2024-06-11', '2024-06-14', '2024-06-15', 300.00, 60.00, NULL, 300.00, 300.00),
(12, 12, 12, 12, 13, '2024-06-12', '2024-06-15', '2024-06-16', 320.00, 64.00, 12.00, 320.00, 281.60),
(13, 13, 13, 13, 14, '2024-06-13', '2024-06-16', '2024-06-17', 350.00, 70.00, NULL, 350.00, 350.00),
(14, 14, 14, 14, 15, '2024-06-14', '2024-06-17', '2024-06-18', 380.00, 76.00, 8.00, 380.00, 349.60),
(15, 15, 15, 15, 16, '2024-06-15', '2024-06-18', '2024-06-19', 400.00, 80.00, NULL, 400.00, 400.00),
(16, 16, 16, 16, 17, '2024-06-16', '2024-06-19', '2024-06-20', 300.00, 60.00, 20.00, 300.00, 240.00),
(17, 17, 17, 17, 18, '2024-06-17', '2024-06-20', '2024-06-21', 320.00, 64.00, NULL, 320.00, 320.00),
(18, 18, 18, 18, 19, '2024-06-18', '2024-06-21', '2024-06-22', 350.00, 70.00, 10.00, 350.00, 315.00),
(19, 19, 19, 19, 20, '2024-06-19', '2024-06-22', '2024-06-23', 380.00, 76.00, NULL, 380.00, 380.00),
(20, 20, 20, 20, 21, '2024-06-20', '2024-06-23', '2024-06-24', 400.00, 80.00, 5.00, 400.00, 380.00),
(21, 21, 21, 21, 22, '2024-06-21', '2024-06-24', '2024-06-25', 300.00, 60.00, NULL, 300.00, 300.00),
(22, 22, 22, 22, 23, '2024-06-22', '2024-06-25', '2024-06-26', 320.00, 64.00, 15.00, 320.00, 272.00),
(23, 23, 23, 23, 24, '2024-06-23', '2024-06-26', '2024-06-27', 350.00, 70.00, NULL, 350.00, 350.00),
(24, 24, 24, 24, 25, '2024-06-24', '2024-06-27', '2024-06-28', 380.00, 76.00, 18.00, 380.00, 311.60),
(25, 25, 25, 25, 26, '2024-06-25', '2024-06-28', '2024-06-29', 400.00, 80.00, NULL, 400.00, 400.00),
(26, 26, 26, 26, 27, '2024-06-26', '2024-06-29', '2024-06-30', 300.00, 60.00, 10.00, 300.00, 270.00),
(27, 27, 27, 27, 28, '2024-06-27', '2024-06-30', '2024-07-01', 320.00, 64.00, NULL, 320.00, 320.00),
(28, 28, 28, 28, 29, '2024-06-28', '2024-07-01', '2024-07-02', 350.00, 70.00, 8.00, 350.00, 322.00),
(29, 29, 29, 29, 30, '2024-06-29', '2024-07-02', '2024-07-03', 380.00, 76.00, NULL, 380.00, 380.00),
(30, 30, 30, 30, 31, '2024-06-30', '2024-07-03', '2024-07-04', 400.00, 80.00, 12.00, 400.00, 388.00),
(31, 31, 31, 31, 32, '2024-07-01', '2024-07-04', '2024-07-05', 300.00, 60.00, NULL, 300.00, 300.00),
(32, 32, 32, 32, 33, '2024-07-02', '2024-07-05', '2024-07-06', 320.00, 64.00, 5.00, 320.00, 304.00),
(33, 33, 33, 33, 34, '2024-07-03', '2024-07-06', '2024-07-07', 350.00, 70.00, NULL, 350.00, 350.00),
(34, 34, 34, 34, 35, '2024-07-04', '2024-07-07', '2024-07-08', 380.00, 76.00, 15.00, 380.00, 323.00),
(35, 35, 35, 35, 36, '2024-07-05', '2024-07-08', '2024-07-09', 400.00, 80.00, NULL, 400.00, 400.00),
(36, 36, 36, 36, 37, '2024-07-06', '2024-07-09', '2024-07-10', 300.00, 60.00, 20.00, 300.00, 240.00),
(37, 37, 37, 37, 38, '2024-07-07', '2024-07-10', '2024-07-11', 320.00, 64.00, NULL, 320.00, 320.00),
(38, 38, 38, 38, 39, '2024-07-08', '2024-07-11', '2024-07-12', 350.00, 70.00, 10.00, 350.00, 315.00),
(39, 39, 39, 39, 40, '2024-07-09', '2024-07-12', '2024-07-13', 380.00, 76.00, NULL, 380.00, 380.00),
(40, 40, 40, 40, 41, '2024-07-10', '2024-07-13', '2024-07-14', 400.00, 80.00, 5.00, 400.00, 380.00),
(41, 41, 41, 41, 42, '2024-07-11', '2024-07-14', '2024-07-15', 300.00, 60.00, NULL, 300.00, 300.00),
(42, 42, 42, 42, 43, '2024-07-12', '2024-07-15', '2024-07-16', 320.00, 64.00, 12.00, 320.00, 281.60),
(43, 43, 43, 43, 44, '2024-07-13', '2024-07-16', '2024-07-17', 350.00, 70.00, NULL, 350.00, 350.00),
(44, 44, 44, 44, 45, '2024-07-14', '2024-07-17', '2024-07-18', 380.00, 76.00, 8.00, 380.00, 349.60),
(45, 45, 45, 45, 46, '2024-07-15', '2024-07-18', '2024-07-19', 400.00, 80.00, NULL, 400.00, 400.00),
(46, 46, 46, 46, 47, '2024-07-16', '2024-07-19', '2024-07-20', 300.00, 60.00, 15.00, 300.00, 255.00),
(47, 47, 47, 47, 48, '2024-07-17', '2024-07-20', '2024-07-21', 320.00, 64.00, NULL, 320.00, 320.00),
(48, 48, 48, 48, 49, '2024-07-18', '2024-07-21', '2024-07-22', 350.00, 70.00, 10.00, 350.00, 315.00),
(49, 49, 49, 49, 50, '2024-07-19', '2024-07-22', '2024-07-23', 380.00, 76.00, NULL, 380.00, 380.00),
(50, 50, 50, 50, 1, '2024-07-20', '2024-07-23', '2024-07-24', 400.00, 80.00, 5.00, 400.00, 380.00),
(51, 1, 51, 1, 2, '2024-07-21', '2024-07-24', '2024-07-25', 300.00, 60.00, NULL, 300.00, 300.00),
(52, 2, 52, 2, 3, '2024-07-22', '2024-07-25', '2024-07-26', 320.00, 64.00, 12.00, 320.00, 281.60),
(53, 3, 53, 3, 4, '2024-07-23', '2024-07-26', '2024-07-27', 350.00, 70.00, NULL, 350.00, 350.00),
(54, 4, 54, 4, 5, '2024-07-24', '2024-07-27', '2024-07-28', 380.00, 76.00, 18.00, 380.00, 311.60),
(55, 5, 55, 5, 6, '2024-07-25', '2024-07-28', '2024-07-29', 400.00, 80.00, NULL, 400.00, 400.00),
(56, 6, 56, 6, 7, '2024-07-26', '2024-07-29', '2024-07-30', 300.00, 60.00, 10.00, 300.00, 270.00),
(57, 7, 57, 7, 8, '2024-07-27', '2024-07-30', '2024-07-31', 320.00, 64.00, NULL, 320.00, 320.00),
(58, 8, 58, 8, 9, '2024-07-28', '2024-07-31', '2024-08-01', 350.00, 70.00, 15.00, 350.00, 297.50),
(59, 9, 59, 9, 10, '2024-07-29', '2024-08-01', '2024-08-02', 380.00, 76.00, NULL, 380.00, 380.00),
(60, 10, 60, 10, 11, '2024-07-30', '2024-08-02', '2024-08-03', 400.00, 80.00, 12.00, 400.00, 388.00),
(61, 11, 61, 11, 12, '2024-07-31', '2024-08-03', '2024-08-04', 300.00, 60.00, NULL, 300.00, 300.00),
(62, 12, 62, 12, 13, '2024-08-01', '2024-08-04', '2024-08-05', 320.00, 64.00, 5.00, 320.00, 304.00),
(63, 13, 63, 13, 14, '2024-08-02', '2024-08-05', '2024-08-06', 350.00, 70.00, NULL, 350.00, 350.00),
(64, 14, 64, 14, 15, '2024-08-03', '2024-08-06', '2024-08-07', 380.00, 76.00, 8.00, 380.00, 349.60),
(65, 15, 65, 15, 16, '2024-08-04', '2024-08-07', '2024-08-08', 400.00, 80.00, NULL, 400.00, 400.00),
(66, 16, 66, 16, 17, '2024-08-05', '2024-08-08', '2024-08-09', 300.00, 60.00, 20.00, 300.00, 240.00),
(67, 17, 67, 17, 18, '2024-08-06', '2024-08-09', '2024-08-10', 320.00, 64.00, NULL, 320.00, 320.00),
(68, 18, 68, 18, 19, '2024-08-07', '2024-08-10', '2024-08-11', 350.00, 70.00, 10.00, 350.00, 315.00),
(69, 19, 69, 19, 20, '2024-08-08', '2024-08-11', '2024-08-12', 380.00, 76.00, NULL, 380.00, 380.00),
(70, 20, 70, 20, 21, '2024-08-09', '2024-08-12', '2024-08-13', 400.00, 80.00, 5.00, 400.00, 380.00),
(71, 21, 71, 21, 22, '2024-08-10', '2024-08-13', '2024-08-14', 300.00, 60.00, NULL, 300.00, 300.00),
(72, 22, 72, 22, 23, '2024-08-11', '2024-08-14', '2024-08-15', 320.00, 64.00, 15.00, 320.00, 272.00),
(73, 23, 73, 23, 24, '2024-08-12', '2024-08-15', '2024-08-16', 350.00, 70.00, NULL, 350.00, 350.00),
(74, 24, 74, 24, 25, '2024-08-13', '2024-08-16', '2024-08-17', 380.00, 76.00, 12.00, 380.00, 334.40),
(75, 25, 75, 25, 26, '2024-08-14', '2024-08-17', '2024-08-18', 400.00, 80.00, NULL, 400.00, 400.00),
(76, 26, 76, 26, 27, '2024-08-15', '2024-08-18', '2024-08-19', 300.00, 60.00, 18.00, 300.00, 246.00),
(77, 27, 77, 27, 28, '2024-08-16', '2024-08-19', '2024-08-20', 320.00, 64.00, NULL, 320.00, 320.00),
(78, 28, 78, 28, 29, '2024-08-17', '2024-08-20', '2024-08-21', 350.00, 70.00, 8.00, 350.00, 322.00),
(79, 29, 79, 29, 30, '2024-08-18', '2024-08-21', '2024-08-22', 380.00, 76.00, NULL, 380.00, 380.00),
(80, 30, 80, 30, 31, '2024-08-19', '2024-08-22', '2024-08-23', 400.00, 80.00, 5.00, 400.00, 380.00),
(81, 31, 81, 31, 32, '2024-08-20', '2024-08-23', '2024-08-24', 300.00, 60.00, NULL, 300.00, 300.00),
(82, 32, 82, 32, 33, '2024-08-21', '2024-08-24', '2024-08-25', 320.00, 64.00, 10.00, 320.00, 288.00),
(83, 33, 83, 33, 34, '2024-08-22', '2024-08-25', '2024-08-26', 350.00, 70.00, NULL, 350.00, 350.00),
(84, 34, 84, 34, 35, '2024-08-23', '2024-08-26', '2024-08-27', 380.00, 76.00, 15.00, 380.00, 323.00),
(85, 35, 85, 35, 36, '2024-08-24', '2024-08-27', '2024-08-28', 400.00, 80.00, NULL, 400.00, 400.00),
(86, 36, 86, 36, 37, '2024-08-25', '2024-08-28', '2024-08-29', 300.00, 60.00, 20.00, 300.00, 240.00),
(87, 37, 87, 37, 38, '2024-08-26', '2024-08-29', '2024-08-30', 320.00, 64.00, NULL, 320.00, 320.00),
(88, 38, 88, 38, 39, '2024-08-27', '2024-08-30', '2024-08-31', 350.00, 70.00, 12.00, 350.00, 308.00),
(89, 39, 89, 39, 40, '2024-08-28', '2024-08-31', '2024-09-01', 380.00, 76.00, NULL, 380.00, 380.00),
(90, 40, 90, 40, 41, '2024-08-29', '2024-09-01', '2024-09-02', 400.00, 80.00, 5.00, 400.00, 380.00),
(91, 41, 91, 41, 42, '2024-08-30', '2024-09-02', '2024-09-03', 300.00, 60.00, NULL, 300.00, 300.00),
(92, 42, 92, 42, 43, '2024-08-31', '2024-09-03', '2024-09-04', 320.00, 64.00, 18.00, 320.00, 262.40),
(93, 43, 93, 43, 44, '2024-09-01', '2024-09-04', '2024-09-05', 350.00, 70.00, NULL, 350.00, 350.00),
(94, 44, 94, 44, 45, '2024-09-02', '2024-09-05', '2024-09-06', 380.00, 76.00, 8.00, 380.00, 349.60),
(95, 45, 95, 45, 46, '2024-09-03', '2024-09-06', '2024-09-07', 400.00, 80.00, NULL, 400.00, 400.00),
(96, 46, 96, 46, 47, '2024-09-04', '2024-09-07', '2024-09-08', 300.00, 60.00, 15.00, 300.00, 255.00),
(97, 47, 97, 47, 48, '2024-09-05', '2024-09-08', '2024-09-09', 320.00, 64.00, NULL, 320.00, 320.00),
(98, 48, 98, 48, 49, '2024-09-06', '2024-09-09', '2024-09-10', 350.00, 70.00, 12.00, 350.00, 308.00),
(99, 49, 99, 49, 50, '2024-09-07', '2024-09-10', '2024-09-11', 380.00, 76.00, NULL, 380.00, 380.00),
(100, 50, 100, 50, 1, '2024-09-08', '2024-09-11', '2024-09-12', 400.00, 80.00, 5.00, 400.00, 380.00);


-- Registro Cliente. 
DELIMITER //

CREATE FUNCTION registrar_cliente(
    p_cedula VARCHAR(20),
    p_nombre1 VARCHAR(100),
    p_nombre2 VARCHAR(100),
    p_apellido1 VARCHAR(100),
    p_apellido2 VARCHAR(100),
    p_direccion VARCHAR(200),
    p_ciudad_residencia VARCHAR(100),
    p_celular VARCHAR(20),
    p_correo_electronico VARCHAR(100)
)
RETURNS INT DETERMINISTIC
BEGIN
    DECLARE cliente_id INT;
    
    INSERT INTO cliente (cedula, nombre1, nombre2, apellido1, apellido2, direccion, ciudad_residencia, celular, correo_electronico)
    VALUES (p_cedula, p_nombre1, p_nombre2, p_apellido1, p_apellido2, p_direccion, p_ciudad_residencia, p_celular, p_correo_electronico);
    
    SET cliente_id = LAST_INSERT_ID();
    
    RETURN cliente_id;
END //

DELIMITER ;








-- Creacion de usuarios
create user 'empleado'@'%' IDENTIFIED BY 'empleado123';
create user 'cliente'@'%' IDENTIFIED BY 'cliente123';



